full_fips,api_med_income,api_month_med_income
17051,24407,2033.91666666667
17107,30474,2539.5
17165,24185,2015.41666666667
17097,37491,3124.25
17127,23617,1968.08333333333
17017,29595,2466.25
18069,28502,2375.16666666667
18181,29443,2453.58333333333
18075,26060,2171.66666666667
18145,31848,2654
18153,25703,2141.91666666667
18157,24925,2077.08333333333
18057,46631,3885.91666666667
18005,31874,2656.16666666667
18049,27488,2290.66666666667
18113,30171,2514.25
18019,30746,2562.16666666667
18063,38755,3229.58333333333
18053,23127,1927.25
18071,28439,2369.91666666667
18119,26749,2229.08333333333
18183,32719,2726.58333333333
18023,28155,2346.25
18161,27248,2270.66666666667
18029,31366,2613.83333333333
18093,27398,2283.16666666667
18123,28928,2410.66666666667
18129,31535,2627.91666666667
18015,30193,2516.08333333333
18045,28168,2347.33333333333
18149,25585,2132.08333333333
18055,26319,2193.25
19011,34887,2907.25
19061,31437,2619.75
19151,30587,2548.91666666667
19177,25755,2146.25
19003,30028,2502.33333333333
19009,28804,2400.33333333333
19051,30912,2576
19093,32594,2716.16666666667
19135,32954,2746.16666666667
19167,30737,2561.41666666667
19025,27215,2267.91666666667
19033,31419,2618.25
19083,30203,2516.91666666667
19117,31208,2600.66666666667
19147,30217,2518.08333333333
19087,28551,2379.25
19099,30938,2578.16666666667
19157,30154,2512.83333333333
19043,27442,2286.83333333333
19017,33610,2800.83333333333
19063,27184,2265.33333333333
19081,31690,2640.83333333333
19097,32335,2694.58333333333
19111,26580,2215
19181,39189,3265.75
19123,27150,2262.5
19041,27708,2309
19055,31467,2622.25
13005,22385,1865.41666666667
13025,20927,1743.91666666667
13017,20795,1732.91666666667
13033,25474,2122.83333333333
13047,27313,2276.08333333333
13053,24681,2056.75
13055,21970,1830.83333333333
13073,36592,3049.33333333333
13087,24110,2009.16666666667
13115,24845,2070.41666666667
13117,44964,3747
13137,25266,2105.5
13147,24057,2004.75
13185,24530,2044.16666666667
13191,27312,2276
13199,21327,1777.25
13207,27473,2289.41666666667
13237,29520,2460
13261,22179,1848.25
13265,19627,1635.58333333333
13301,21098,1758.16666666667
19185,28464,2372
19163,32801,2733.41666666667
20181,27415,2284.58333333333
20193,29763,2480.25
20127,30533,2544.41666666667
20163,26245,2187.08333333333
20025,32045,2670.41666666667
20077,26080,2173.33333333333
20111,26439,2203.25
20145,24658,2054.83333333333
20033,29181,2431.75
20063,28801,2400.08333333333
20079,30756,2563
20093,26867,2238.91666666667
20113,31091,2590.91666666667
05041,21551,1795.91666666667
05049,18328,1527.33333333333
05061,22610,1884.16666666667
05051,24589,2049.08333333333
05093,22045,1837.08333333333
05115,21502,1791.83333333333
05117,26857,2238.08333333333
05139,24325,2027.08333333333
05147,22792,1899.33333333333
05023,24984,2082
05025,25617,2134.75
05067,19012,1584.33333333333
05057,23079,1923.25
05135,19852,1654.33333333333
05137,18521,1543.41666666667
05143,27431,2285.91666666667
05005,23819,1984.91666666667
05003,23462,1955.16666666667
05031,25852,2154.33333333333
05055,24559,2046.58333333333
05105,22924,1910.33333333333
05111,22119,1843.25
05133,24010,2000.83333333333
05013,23725,1977.08333333333
05019,20430,1702.5
05075,20692,1724.33333333333
05095,22568,1880.66666666667
05029,23023,1918.58333333333
05101,19494,1624.5
05001,25843,2153.58333333333
05085,30896,2574.66666666667
05015,24466,2038.83333333333
05123,19988,1665.66666666667
05119,30084,2507
06047,24873,2072.75
06043,27678,2306.5
06049,25106,2092.16666666667
06013,42181,3515.08333333333
06027,31566,2630.5
06099,27840,2320
06083,29657,2471.41666666667
06103,23061,1921.75
06051,30701,2558.41666666667
06069,33547,2795.58333333333
13029,34997,2916.41666666667
13035,22360,1863.33333333333
13039,28762,2396.83333333333
13079,26396,2199.66666666667
13099,20554,1712.83333333333
13069,22050,1837.5
13077,34846,2903.83333333333
13123,23749,1979.08333333333
13297,30379,2531.58333333333
13317,22203,1850.25
13091,22254,1854.5
13129,25156,2096.33333333333
13057,36920,3076.66666666667
13113,41364,3447
13177,35372,2947.66666666667
13227,30854,2571.16666666667
13133,26619,2218.25
13075,23493,1957.75
13085,31997,2666.41666666667
13121,37675,3139.58333333333
15001,30536,2544.66666666667
15003,36957,3079.75
15007,34697,2891.41666666667
15005,47188,3932.33333333333
16031,25371,2114.25
16063,25216,2101.33333333333
16085,26342,2195.16666666667
16041,22649,1887.41666666667
16069,29099,2424.91666666667
16055,28786,2398.83333333333
16067,25095,2091.25
16083,26170,2180.83333333333
16013,31209,2600.75
16015,27921,2326.75
16023,25764,2147
16047,25003,2083.58333333333
16001,32937,2744.75
16007,26286,2190.5
16011,24405,2033.75
16025,25087,2090.58333333333
16035,25302,2108.5
16051,27630,2302.5
41039,26061,2171.75
51181,32457,2704.75
51043,36717,3059.75
51117,25324,2110.33333333333
51015,30889,2574.08333333333
51075,40720,3393.33333333333
51113,28136,2344.66666666667
51161,36325,3027.08333333333
51025,19568,1630.66666666667
51131,25717,2143.08333333333
51163,26949,2245.75
51720,19756,1646.33333333333
51570,30329,2527.41666666667
51021,25587,2132.25
51023,33271,2772.58333333333
51520,20711,1725.91666666667
51830,16302,1358.5
51035,22506,1875.5
06067,32275,2689.58333333333
06017,36682,3056.83333333333
06053,28207,2350.58333333333
06075,52677,4389.75
06073,34307,2858.91666666667
06107,22994,1916.16666666667
06023,25114,2092.83333333333
06003,30512,2542.66666666667
06039,23691,1974.25
06087,31174,2597.83333333333
06105,23901,1991.75
06065,28557,2379.75
06071,27235,2269.58333333333
06041,52866,4405.5
06061,41130,3427.5
06089,27000,2250
06095,36273,3022.75
06011,27103,2258.58333333333
28029,21718,1809.83333333333
28049,24851,2070.91666666667
28145,24243,2020.25
28139,22388,1865.66666666667
28035,20502,1708.5
28071,23358,1946.5
28087,27971,2330.91666666667
28157,16143,1345.25
28065,20051,1670.91666666667
28123,21183,1765.25
28163,18923,1576.91666666667
28011,18718,1559.83333333333
28113,19574,1631.16666666667
28131,21066,1755.5
28069,17896,1491.33333333333
28133,18212,1517.66666666667
28001,19463,1621.91666666667
28033,32369,2697.41666666667
42045,35628,2969
42111,25627,2135.58333333333
29123,23587,1965.58333333333
29217,25009,2084.08333333333
29147,20924,1743.66666666667
29041,23881,1990.08333333333
29223,18236,1519.66666666667
29201,22709,1892.41666666667
29011,22363,1863.58333333333
29039,21190,1765.83333333333
29073,26785,2232.08333333333
29121,24657,2054.75
29149,20333,1694.41666666667
29186,28897,2408.08333333333
29067,19586,1632.16666666667
29083,24875,2072.91666666667
29109,23967,1997.25
29169,24121,2010.08333333333
29215,21045,1753.75
29027,28863,2405.25
29053,27894,2324.5
29075,25652,2137.66666666667
51191,25266,2105.5
51139,25036,2086.33333333333
51510,59419,4951.58333333333
51650,30458,2538.16666666667
51013,70148,5845.66666666667
51027,17764,1480.33333333333
51179,45929,3827.41666666667
51760,26454,2204.5
51057,26599,2216.58333333333
51185,22768,1897.33333333333
51685,36904,3075.33333333333
51183,23129,1927.41666666667
51683,37783,3148.58333333333
51775,29356,2446.33333333333
51037,21931,1827.58333333333
51081,20130,1677.5
53067,37076,3089.66666666667
53013,31349,2612.41666666667
72059,,
72121,,
72067,,
72141,,
72054,,
72099,,
72123,,
29133,14973,1247.75
29153,17707,1475.58333333333
29017,22355,1862.91666666667
47165,32203,2683.58333333333
47169,26749,2229.08333333333
47027,17133,1427.75
17139,31856,2654.66666666667
17149,27016,2251.33333333333
17151,21153,1762.75
17163,30310,2525.83333333333
17173,29644,2470.33333333333
17019,28603,2383.58333333333
17013,27843,2320.25
17053,30083,2506.91666666667
17089,33731,2810.91666666667
17093,40170,3347.5
17009,30690,2557.5
17121,26237,2186.41666666667
17125,26764,2230.33333333333
17075,26890,2240.83333333333
17025,26802,2233.5
17059,26342,2195.16666666667
17133,41254,3437.83333333333
17181,27669,2305.75
17201,28400,2366.66666666667
17153,21208,1767.33333333333
17169,29440,2453.33333333333
17045,27974,2331.16666666667
17007,30257,2521.41666666667
17011,29091,2424.25
17029,25029,2085.75
17033,26611,2217.58333333333
17155,32691,2724.25
17039,29287,2440.58333333333
17103,30779,2564.91666666667
17117,29329,2444.08333333333
17159,27334,2277.83333333333
17189,35549,2962.41666666667
41067,38189,3182.41666666667
41007,26716,2226.33333333333
42023,23191,1932.58333333333
42017,40466,3372.16666666667
42077,30969,2580.75
42031,24572,2047.66666666667
42059,26277,2189.75
42079,28094,2341.16666666667
42037,27199,2266.58333333333
42065,26079,2173.25
42099,32005,2667.08333333333
42113,25406,2117.16666666667
44003,37994,3166.16666666667
44009,36249,3020.75
45071,25159,2096.58333333333
45027,21319,1776.58333333333
45085,25126,2093.83333333333
45011,22901,1908.41666666667
45031,22175,1847.91666666667
45091,32174,2681.16666666667
45021,23065,1922.08333333333
45053,25243,2103.58333333333
45061,19677,1639.75
45001,21890,1824.16666666667
46085,25879,2156.58333333333
46039,32314,2692.83333333333
06021,24329,2027.41666666667
06007,24067,2005.58333333333
06031,26841,2236.75
06063,31351,2612.58333333333
06079,31938,2661.5
06019,25238,2103.16666666667
06029,25013,2084.41666666667
06059,36135,3011.25
06111,33814,2817.83333333333
06009,29124,2427
06101,26334,2194.5
06081,49128,4094
06109,29458,2454.83333333333
06077,29535,2461.25
06005,31160,2596.66666666667
08095,31635,2636.25
08007,26314,2192.83333333333
08031,39806,3317.16666666667
08061,25980,2165
08055,23471,1955.91666666667
08009,23096,1924.66666666667
08047,44683,3723.58333333333
08063,29742,2478.5
08051,28016,2334.66666666667
08079,30038,2503.16666666667
08091,34906,2908.83333333333
08115,24202,2016.83333333333
08123,34305,2858.75
08027,26669,2222.41666666667
08023,18902,1575.16666666667
08035,52910,4409.16666666667
08065,30400,2533.33333333333
08067,34074,2839.5
08097,42002,3500.16666666667
08105,21787,1815.58333333333
08011,20260,1688.33333333333
08025,18032,1502.66666666667
08111,32500,2708.33333333333
08069,32905,2742.08333333333
08075,27450,2287.5
08113,36451,3037.58333333333
08119,35242,2936.83333333333
08039,42429,3535.75
08071,23653,1971.08333333333
08073,25561,2130.08333333333
08117,36007,3000.58333333333
08003,21241,1770.08333333333
08029,25880,2156.66666666667
08043,26243,2186.91666666667
08085,27033,2252.75
08087,27765,2313.75
08109,23863,1988.58333333333
08099,26363,2196.91666666667
08121,28315,2359.58333333333
08049,35000,2916.66666666667
08089,21957,1829.75
08014,47013,3917.75
10005,31752,2646
11001,49542,4128.5
09009,35721,2976.75
09003,37985,3165.41666666667
47157,28181,2348.41666666667
47077,24619,2051.58333333333
47089,22984,1915.33333333333
47153,21794,1816.16666666667
47017,22236,1853
47037,32518,2709.83333333333
47135,19701,1641.75
47121,24033,2002.75
47075,22915,1909.58333333333
47125,31030,2585.83333333333
47061,20029,1669.08333333333
47029,21351,1779.25
47041,28066,2338.83333333333
47101,22104,1842
47131,23795,1982.91666666667
47167,30703,2558.58333333333
47045,25698,2141.5
47065,29070,2422.5
47139,25015,2084.58333333333
47185,22788,1899
47163,24758,2063.16666666667
36095,30092,2507.66666666667
36035,27934,2327.83333333333
36083,36310,3025.83333333333
36033,28799,2399.91666666667
36081,31992,2666
36115,29231,2435.91666666667
36061,50985,4248.75
36011,30756,2563
36087,39095,3257.91666666667
36063,30704,2558.66666666667
36031,30096,2508
36059,45285,3773.75
36097,25365,2113.75
36017,27495,2291.25
36045,27607,2300.58333333333
36103,41227,3435.58333333333
36121,31415,2617.91666666667
36075,27878,2323.16666666667
36117,30575,2547.91666666667
36007,26593,2216.08333333333
08053,30847,2570.58333333333
36029,31856,2654.66666666667
36105,29887,2490.58333333333
36071,35300,2941.66666666667
37087,27234,2269.5
37067,29380,2448.33333333333
18089,29975,2497.91666666667
18107,29813,2484.41666666667
18001,29570,2464.16666666667
18041,25447,2120.58333333333
18021,30251,2520.91666666667
18037,31409,2617.41666666667
18047,30851,2570.91666666667
18059,37719,3143.25
18067,30252,2521
18115,31364,2613.66666666667
18121,26045,2170.41666666667
18135,26306,2192.16666666667
18007,27002,2250.16666666667
18013,29372,2447.66666666667
18133,27702,2308.5
18175,28197,2349.75
18027,27372,2281
18065,26313,2192.75
18083,26503,2208.58333333333
18095,26440,2203.33333333333
18125,27043,2253.58333333333
18131,27793,2316.08333333333
18151,28865,2405.41666666667
56021,34055,2837.91666666667
56039,40914,3409.5
48407,22614,1884.5
48459,26279,2189.91666666667
48473,25613,2134.41666666667
48493,32643,2720.25
48219,25420,2118.33333333333
48329,38804,3233.66666666667
48299,25152,2096
48147,28875,2406.25
48041,24118,2009.83333333333
48165,27542,2295.16666666667
48179,26651,2220.91666666667
48237,24394,2032.83333333333
48035,26155,2179.58333333333
48029,27976,2331.33333333333
48023,22319,1859.91666666667
48121,40677,3389.75
48167,34255,2854.58333333333
48393,30806,2567.16666666667
48463,21037,1753.08333333333
48037,27641,2303.41666666667
48263,28333,2361.08333333333
48425,30157,2513.08333333333
48199,30905,2575.41666666667
48289,23653,1971.08333333333
48351,21019,1751.58333333333
48389,22515,1876.25
48453,39860,3321.66666666667
48087,21048,1754
48143,23502,1958.5
48345,23807,1983.91666666667
48083,26692,2224.33333333333
48325,26529,2210.75
48213,23787,1982.25
48277,25175,2097.91666666667
48267,25094,2091.16666666667
48477,28376,2364.66666666667
48429,22206,1850.5
48003,33373,2781.08333333333
48177,27132,2261
48305,25000,2083.33333333333
48505,17256,1438
48221,31204,2600.33333333333
48269,33750,2812.5
48073,23891,1990.91666666667
48119,26636,2219.66666666667
48253,21856,1821.33333333333
09015,32078,2673.16666666667
09011,35785,2982.08333333333
09007,42907,3575.58333333333
09013,37303,3108.58333333333
09001,40609,3384.08333333333
12133,21452,1787.66666666667
12031,30608,2550.66666666667
12007,24309,2025.75
12009,28542,2378.5
12019,32036,2669.66666666667
12067,21923,1826.91666666667
12069,27221,2268.41666666667
12089,31965,2663.75
12103,30009,2500.75
12105,26032,2169.33333333333
12111,26425,2202.08333333333
12043,21698,1808.16666666667
12051,21225,1768.75
12061,27382,2281.83333333333
12063,23053,1921.08333333333
12109,36462,3038.5
12117,32734,2727.83333333333
12005,27495,2291.25
12035,26821,2235.08333333333
12045,26523,2210.25
12077,21920,1826.66666666667
12097,23483,1956.91666666667
12131,28513,2376.08333333333
12039,25734,2144.5
12065,27978,2331.5
12083,24501,2041.75
12049,21744,1812
12093,22631,1885.91666666667
12095,28064,2338.66666666667
12041,22882,1906.83333333333
12121,22987,1915.58333333333
12001,25648,2137.33333333333
12013,23568,1964
12015,26006,2167.16666666667
12029,22643,1886.91666666667
12085,30801,2566.75
12115,31707,2642.25
12081,29551,2462.58333333333
12017,24413,2034.41666666667
12003,28349,2362.41666666667
12113,31273,2606.08333333333
12073,27751,2312.58333333333
12011,30277,2523.08333333333
12087,35539,2961.58333333333
12053,25217,2101.41666666667
12057,30363,2530.25
12123,21515,1792.91666666667
12129,31163,2596.91666666667
13189,22257,1854.75
13211,30978,2581.5
13149,25532,2127.66666666667
13095,21959,1829.91666666667
13111,25062,2088.5
13153,31668,2639
13175,22223,1851.91666666667
13255,24805,2067.08333333333
13271,18562,1546.83333333333
18171,31885,2657.08333333333
18165,28558,2379.83333333333
18179,30174,2514.5
18003,30325,2527.08333333333
18031,30464,2538.66666666667
18035,22613,1884.41666666667
18043,31865,2655.41666666667
18077,27018,2251.5
18079,28491,2374.25
18081,35832,2986
18103,27576,2298
18109,31019,2584.91666666667
18051,30141,2511.75
18111,28690,2390.83333333333
18117,24555,2046.25
18141,27208,2267.33333333333
18085,30452,2537.66666666667
18099,27595,2299.58333333333
18155,27114,2259.5
18163,27095,2257.91666666667
18009,25424,2118.66666666667
18143,25470,2122.5
18105,22409,1867.41666666667
18039,29100,2425
18025,23847,1987.25
18017,28120,2343.33333333333
18097,29572,2464.33333333333
18177,25292,2107.66666666667
19023,31123,2593.58333333333
19071,30390,2532.5
19079,32448,2704
19173,29178,2431.5
19175,27896,2324.66666666667
19195,32311,2692.58333333333
19159,29532,2461
19001,31886,2657.16666666667
19037,32338,2694.83333333333
19039,30386,2532.16666666667
19059,34232,2852.66666666667
19103,30486,2540.5
19107,28824,2402
19171,30623,2551.91666666667
19179,27905,2325.41666666667
19069,31147,2595.58333333333
19027,31396,2616.33333333333
19031,35486,2957.16666666667
19067,28660,2388.33333333333
19073,28990,2415.83333333333
19115,30556,2546.33333333333
19119,32845,2737.08333333333
13291,25320,2110
37017,22298,1858.16666666667
37031,29053,2421.08333333333
37015,19215,1601.25
37117,22952,1912.66666666667
37143,25800,2150
37157,24465,2038.75
37029,33651,2804.25
37071,27099,2258.25
37125,31217,2601.41666666667
37167,26826,2235.5
37199,25083,2090.25
37037,32024,2668.66666666667
37101,30254,2521.16666666667
37145,28355,2362.91666666667
37009,24071,2005.91666666667
37107,22957,1913.08333333333
37133,25209,2100.75
37161,23142,1928.5
37197,26335,2194.58333333333
37023,23880,1990
38097,35748,2979
38021,33423,2785.25
38101,37158,3096.5
38067,32468,2705.66666666667
38041,28770,2397.5
38017,34981,2915.08333333333
38029,31352,2612.66666666667
38077,31407,2617.25
38001,31453,2621.08333333333
38027,31143,2595.25
38057,37940,3161.66666666667
38073,32396,2699.66666666667
38085,21213,1767.75
38033,32500,2708.33333333333
38095,33801,2816.75
38023,35417,2951.41666666667
38081,40227,3352.25
39105,23034,1919.5
39021,30835,2569.58333333333
39057,32287,2690.58333333333
39087,24733,2061.08333333333
39115,22096,1841.33333333333
39175,31446,2620.5
39043,29836,2486.33333333333
39091,31536,2628
39153,30799,2566.58333333333
16059,22472,1872.66666666667
16075,27032,2252.66666666667
16009,23285,1940.41666666667
16017,25310,2109.16666666667
16033,23424,1952
16037,19388,1615.66666666667
16039,26809,2234.08333333333
16043,24360,2030
16065,12911,1075.91666666667
16079,21338,1778.16666666667
16049,21757,1813.08333333333
16081,33984,2832
16077,26383,2198.58333333333
16087,21188,1765.66666666667
17067,29026,2418.83333333333
17119,31555,2629.58333333333
17063,40057,3338.08333333333
17091,27619,2301.58333333333
17131,31234,2602.83333333333
17043,41943,3495.25
17003,21845,1820.41666666667
17129,40057,3338.08333333333
17099,29484,2457
17031,32955,2746.25
17115,28225,2352.08333333333
17177,27178,2264.83333333333
17191,28537,2378.08333333333
17203,35400,2950
17055,24243,2020.25
17109,21047,1753.91666666667
17111,39390,3282.5
20071,30542,2545.16666666667
20051,26676,2223
20107,27113,2259.41666666667
20175,27166,2263.83333333333
20091,43408,3617.33333333333
20121,36073,3006.08333333333
20207,22845,1903.75
20135,30362,2530.16666666667
20011,23767,1980.58333333333
20097,27866,2322.16666666667
20177,31826,2652.16666666667
20019,22456,1871.33333333333
20155,26565,2213.75
20043,25274,2106.16666666667
20081,28841,2403.41666666667
20171,30737,2561.41666666667
20013,26031,2169.25
20147,26056,2171.33333333333
20039,28254,2354.5
21079,25436,2119.66666666667
21037,32375,2697.91666666667
21063,16880,1406.66666666667
21123,23997,1999.75
21167,27340,2278.33333333333
21207,21066,1755.5
21229,26102,2175.16666666667
21009,22266,1855.5
21091,29008,2417.33333333333
21093,30512,2542.66666666667
21149,29536,2461.33333333333
21197,21237,1769.75
21033,26292,2191
21019,25178,2098.16666666667
21067,30181,2515.08333333333
21115,20254,1687.83333333333
21175,20952,1746
21199,21765,1813.75
21001,19277,1606.41666666667
21025,15934,1327.83333333333
21099,21428,1785.66666666667
21223,27088,2257.33333333333
21105,23460,1955
21143,23580,1965
21135,20316,1693
21239,31738,2644.83333333333
21131,17902,1491.83333333333
21127,19610,1634.16666666667
21145,26221,2185.08333333333
46015,28873,2406.08333333333
46053,25806,2150.5
46099,33737,2811.41666666667
46025,24856,2071.33333333333
46077,33683,2806.91666666667
46027,20563,1713.58333333333
46041,25887,2157.25
46065,37626,3135.5
46111,30921,2576.75
46059,31679,2639.91666666667
46135,30126,2510.5
46005,29818,2484.83333333333
46035,30801,2566.75
46073,28438,2369.83333333333
46117,36029,3002.41666666667
46107,28774,2397.83333333333
46023,25353,2112.75
46091,32424,2702
46105,29757,2479.75
21235,18714,1559.5
21071,18188,1515.66666666667
21117,32892,2741
21153,16946,1412.16666666667
21205,18303,1525.25
21217,21871,1822.58333333333
21039,25721,2143.41666666667
21065,18707,1558.91666666667
22079,25418,2118.16666666667
22105,23823,1985.25
22123,20905,1742.08333333333
22021,20612,1717.66666666667
22035,17979,1498.25
22039,19039,1586.58333333333
22087,24209,2017.41666666667
22121,32875,2739.58333333333
22081,18209,1517.41666666667
22069,18151,1512.58333333333
22025,23795,1982.91666666667
22041,20588,1715.66666666667
22007,24504,2042
22113,26353,2196.08333333333
22029,20415,1701.25
23017,24424,2035.33333333333
23019,25832,2152.66666666667
23001,30206,2517.16666666667
23005,35560,2963.33333333333
23031,32822,2735.16666666667
23025,22511,1875.91666666667
24047,31891,2657.58333333333
24041,36755,3062.91666666667
25001,36031,3002.58333333333
25003,30873,2572.75
25023,39644,3303.66666666667
25021,46624,3885.33333333333
25019,44630,3719.16666666667
26005,30827,2568.91666666667
26003,22430,1869.16666666667
26127,24491,2040.91666666667
26035,21058,1754.83333333333
26073,18007,1500.58333333333
26157,25806,2150.5
26007,24584,2048.66666666667
26111,30833,2569.41666666667
26135,24163,2013.58333333333
26037,35099,2924.91666666667
26057,25803,2150.25
26091,28228,2352.33333333333
26117,25605,2133.75
26147,28654,2387.83333333333
26161,33914,2826.16666666667
26027,29198,2433.16666666667
26143,22948,1912.33333333333
26023,27280,2273.33333333333
26075,28006,2333.83333333333
26099,31619,2634.91666666667
26013,25371,2114.25
26045,33721,2810.08333333333
13293,23152,1929.33333333333
13303,22101,1841.75
13311,27752,2312.66666666667
13225,23739,1978.25
13223,33102,2758.5
13229,21531,1794.25
13231,32228,2685.66666666667
13245,22300,1858.33333333333
13251,23234,1936.16666666667
13267,19892,1657.66666666667
13019,24287,2023.91666666667
17135,27335,2277.91666666667
17195,27944,2328.66666666667
17001,30499,2541.58333333333
17027,34187,2848.91666666667
17037,28262,2355.16666666667
17047,29449,2454.08333333333
17079,26881,2240.08333333333
17081,26679,2223.25
17183,27550,2295.83333333333
17197,37319,3109.91666666667
17199,27489,2290.75
17023,31515,2626.25
17041,30459,2538.25
17049,30369,2530.75
17057,26843,2236.91666666667
17061,25938,2161.5
17065,28482,2373.5
17069,23420,1951.66666666667
17073,31155,2596.25
17087,28494,2374.5
17095,25366,2113.83333333333
17105,29147,2428.91666666667
17171,30248,2520.66666666667
17179,33800,2816.66666666667
17187,26774,2231.16666666667
18061,29102,2425.16666666667
18091,28152,2346
18169,27759,2313.25
18073,30626,2552.16666666667
18101,30664,2555.33333333333
18127,33572,2797.66666666667
18137,28891,2407.58333333333
18147,30798,2566.5
18159,33733,2811.08333333333
18167,23583,1965.25
18173,35851,2987.58333333333
18033,30167,2513.91666666667
18087,30961,2580.08333333333
18139,30705,2558.75
18011,41956,3496.33333333333
26053,22865,1905.41666666667
27093,31707,2642.25
27131,31174,2597.83333333333
27125,32688,2724
27027,32368,2697.33333333333
27045,32371,2697.58333333333
27119,31715,2642.91666666667
27143,33260,2771.66666666667
27165,30366,2530.5
27011,28857,2404.75
27021,28473,2372.75
27057,28734,2394.5
27091,31103,2591.91666666667
27105,30221,2518.41666666667
27141,39364,3280.33333333333
27019,45984,3832
27085,33379,2781.58333333333
27123,33150,2762.5
27169,27433,2286.08333333333
27039,39182,3265.16666666667
27035,30326,2527.16666666667
27171,40495,3374.58333333333
27081,30744,2562
27095,28194,2349.5
27017,31007,2583.91666666667
27065,29092,2424.33333333333
01115,28940,2411.66666666667
01043,24163,2013.58333333333
01069,25191,2099.25
01125,25278,2106.5
01031,28172,2347.66666666667
01021,24132,2011
01037,20110,1675.83333333333
01055,23677,1973.08333333333
01075,21355,1779.58333333333
01013,19685,1640.41666666667
01127,24078,2006.5
01063,16949,1412.41666666667
01011,21571,1797.58333333333
01017,22754,1896.16666666667
02100,34411,2867.58333333333
02110,42746,3562.16666666667
02290,19238,1603.16666666667
02068,26630,2219.16666666667
02105,28750,2395.83333333333
02275,27083,2256.91666666667
04019,27279,2273.25
04007,24681,2056.75
04003,25573,2131.08333333333
04001,20596,1716.33333333333
04027,24291,2024.25
04017,21256,1771.33333333333
05021,21479,1789.91666666667
05043,24236,2019.66666666667
05121,21347,1778.91666666667
05009,23999,1999.91666666667
05079,21875,1822.91666666667
05035,23938,1994.83333333333
05045,27130,2260.83333333333
13295,23631,1969.25
13135,32482,2706.83333333333
13013,28741,2395.08333333333
13049,21198,1766.5
13065,21190,1765.83333333333
13015,29584,2465.33333333333
13097,30782,2565.16666666667
13131,24093,2007.75
13141,21759,1813.25
13313,26202,2183.5
13193,20249,1687.41666666667
13285,24771,2064.25
13145,32702,2725.16666666667
13249,27516,2293
13321,25104,2092
13093,21136,1761.33333333333
13109,22803,1900.25
13307,24180,2015
13103,32482,2706.83333333333
13125,25696,2141.33333333333
13239,18741,1561.75
13051,28791,2399.25
13167,21300,1775
13173,21819,1818.25
13195,27236,2269.66666666667
13205,22058,1838.16666666667
13277,24370,2030.83333333333
13233,24758,2063.16666666667
13263,21681,1806.75
13273,20089,1674.08333333333
13275,25366,2113.83333333333
13319,22110,1842.5
13221,24739,2061.58333333333
13243,16983,1415.25
13299,23597,1966.41666666667
13305,22399,1866.58333333333
13315,20837,1736.41666666667
13009,22750,1895.83333333333
13031,21375,1781.25
13061,15701,1308.41666666667
13101,24410,2034.16666666667
13089,32501,2708.41666666667
13143,25884,2157
13163,19890,1657.5
13181,24732,2061
13213,25683,2140.25
13235,21508,1792.33333333333
13241,22523,1876.91666666667
13281,21497,1791.41666666667
13283,19712,1642.66666666667
13155,21059,1754.91666666667
13001,22607,1883.91666666667
39149,31569,2630.75
39171,28748,2395.66666666667
39029,25791,2149.25
39051,30572,2547.66666666667
39053,24975,2081.25
39099,25689,2140.75
39145,23011,1917.58333333333
39117,30734,2561.16666666667
05089,19980,1665
05129,19255,1604.58333333333
05007,33141,2761.75
05059,22711,1892.58333333333
05087,22565,1880.41666666667
08033,29894,2491.16666666667
08057,24571,2047.58333333333
08083,26901,2241.75
08013,36794,3066.16666666667
08125,30905,2575.41666666667
08107,37368,3114
08019,34483,2873.58333333333
08101,25166,2097.16666666667
08093,32731,2727.58333333333
08077,28267,2355.58333333333
08041,32586,2715.5
08005,38273,3189.41666666667
10003,36458,3038.16666666667
10001,30327,2527.25
09005,39166,3263.83333333333
12099,30762,2563.5
12086,24787,2065.58333333333
12037,24823,2068.58333333333
12047,20544,1712
12119,27579,2298.25
12059,21699,1808.25
12071,28529,2377.41666666667
12021,31213,2601.08333333333
12101,27455,2287.91666666667
12055,22059,1838.25
12027,21509,1792.41666666667
12023,25790,2149.16666666667
12107,21486,1790.5
12125,23031,1919.25
12075,21676,1806.33333333333
12127,26792,2232.66666666667
12079,21243,1770.25
12033,26946,2245.5
12091,31212,2601
13187,23480,1956.66666666667
13201,26377,2198.08333333333
13219,39118,3259.83333333333
13151,33610,2800.83333333333
13183,29660,2471.66666666667
13257,23834,1986.16666666667
13161,20689,1724.08333333333
13037,20638,1719.83333333333
13021,24804,2067
13197,25227,2102.25
13023,25249,2104.08333333333
13119,22850,1904.16666666667
13171,22216,1851.33333333333
13107,21314,1776.16666666667
13159,25112,2092.66666666667
13179,28879,2406.58333333333
13253,22414,1867.83333333333
13289,25026,2085.5
13269,23041,1920.08333333333
13279,22909,1909.08333333333
39135,29908,2492.33333333333
39003,26965,2247.08333333333
39033,25969,2164.08333333333
39059,25942,2161.83333333333
39107,31890,2657.5
39023,26850,2237.5
39093,30222,2518.5
39113,28867,2405.58333333333
39165,41155,3429.58333333333
39007,25123,2093.58333333333
40071,25560,2130
40035,22208,1850.66666666667
40017,33213,2767.75
40077,21946,1828.83333333333
40139,27709,2309.08333333333
40127,20210,1684.16666666667
40069,22430,1869.16666666667
40007,26454,2204.5
40063,21859,1821.58333333333
40031,26011,2167.58333333333
40001,21003,1750.25
40137,25606,2133.83333333333
40019,26585,2215.41666666667
40055,19174,1597.83333333333
40091,21970,1830.83333333333
40099,26909,2242.41666666667
40115,21831,1819.25
40145,31492,2624.33333333333
40015,24226,2018.83333333333
40101,24813,2067.75
40013,23982,1998.5
41029,27407,2283.91666666667
41023,26332,2194.33333333333
41005,37878,3156.5
41057,25539,2128.25
41033,23072,1922.66666666667
41059,26520,2210
41009,31222,2601.83333333333
41065,27985,2332.08333333333
13209,22188,1849
13247,31407,2617.25
13309,19452,1621
13011,21895,1824.58333333333
13059,20153,1679.41666666667
13127,27542,2295.16666666667
13157,30862,2571.83333333333
13169,28674,2389.5
13215,24763,2063.58333333333
13259,18589,1549.08333333333
13287,21877,1823.08333333333
13003,22097,1841.41666666667
13007,25164,2097
13043,18675,1556.25
13045,25593,2132.75
13081,20029,1669.08333333333
13067,37999,3166.58333333333
13083,23075,1922.91666666667
13027,26162,2180.16666666667
13105,21348,1779
13165,16832,1402.66666666667
13217,26231,2185.91666666667
13071,22268,1855.66666666667
13063,25655,2137.91666666667
13139,28161,2346.75
15009,35474,2956.16666666667
16071,24288,2024
16045,22739,1894.91666666667
16003,26878,2239.83333333333
16053,24582,2048.5
16061,23597,1966.41666666667
16073,23583,1965.25
16021,24746,2062.16666666667
16029,25919,2159.91666666667
16005,24667,2055.58333333333
16019,27063,2255.25
16027,25210,2100.83333333333
16057,22682,1890.16666666667
17167,34933,2911.08333333333
17157,28650,2387.5
17141,31666,2638.83333333333
17137,26917,2243.08333333333
17193,25687,2140.58333333333
17071,27336,2278
17113,33417,2784.75
17145,27754,2312.83333333333
17161,30830,2569.16666666667
17185,26544,2212
17035,29450,2454.16666666667
17085,30920,2576.66666666667
17101,25994,2166.16666666667
17123,30372,2531
17021,30053,2504.41666666667
17077,21117,1759.75
17143,30634,2552.83333333333
17147,36317,3026.41666666667
17175,29537,2461.41666666667
17005,27042,2253.5
17015,29036,2419.66666666667
17083,31247,2603.91666666667
24027,56447,4703.91666666667
24033,40372,3364.33333333333
24003,45925,3827.08333333333
24005,38949,3245.75
24021,43752,3646
24009,48972,4081
24023,28250,2354.16666666667
24029,30144,2512
24031,49033,4086.08333333333
02050,14419,1201.58333333333
02185,51525,4293.75
02220,38659,3221.58333333333
02090,36644,3053.66666666667
02130,35398,2949.83333333333
02170,29828,2485.66666666667
02180,21213,1767.75
02070,23136,1928
02282,32159,2679.91666666667
02164,21080,1756.66666666667
02240,29888,2490.66666666667
02020,38390,3199.16666666667
02013,29177,2431.41666666667
02261,36760,3063.33333333333
02122,30696,2558
02230,35662,2971.83333333333
02198,23921,1993.41666666667
02195,28653,2387.75
02158,11520,960
04013,32158,2679.83333333333
04009,24123,2010.25
04023,22538,1878.16666666667
04012,20561,1713.41666666667
04015,24105,2008.75
04005,25094,2091.16666666667
04025,26689,2224.08333333333
04011,31420,2618.33333333333
04021,28080,2340
05099,23031,1919.25
05037,25915,2159.58333333333
05039,21699,1808.25
05027,19812,1651
05125,31869,2655.75
05141,20302,1691.83333333333
05065,21763,1813.58333333333
05063,22541,1878.41666666667
05083,21690,1807.5
05053,27153,2262.75
05047,22283,1856.91666666667
05109,22055,1837.91666666667
05069,24282,2023.5
05097,20328,1694
05127,20376,1698
05131,25248,2104
05033,25758,2146.5
05017,19980,1665
05071,20955,1746.25
05077,17433,1452.75
19125,31558,2629.83333333333
19183,32270,2689.16666666667
19197,30596,2549.66666666667
19029,28948,2412.33333333333
19035,30888,2574
19047,30641,2553.41666666667
19057,29964,2497
19065,26735,2227.91666666667
19085,33596,2799.66666666667
19109,32007,2667.25
19129,33333,2777.75
19133,27314,2276.16666666667
19139,31248,2604
19143,31817,2651.41666666667
19153,36061,3005.08333333333
19187,25830,2152.5
19169,23520,1960
19193,30541,2545.08333333333
19013,28001,2333.41666666667
19075,36676,3056.33333333333
19105,31435,2619.58333333333
19131,30614,2551.16666666667
19137,28472,2372.66666666667
19161,31386,2615.5
19149,36509,3042.41666666667
19019,32049,2670.75
19045,29943,2495.25
19053,22853,1904.41666666667
19101,25018,2084.83333333333
19005,29921,2493.41666666667
19113,34626,2885.5
19049,46694,3891.16666666667
19141,30548,2545.66666666667
20187,32121,2676.75
20119,31543,2628.58333333333
20125,24542,2045.16666666667
20151,27764,2313.66666666667
20153,27957,2329.75
20003,25546,2128.83333333333
20053,27225,2268.75
20061,30573,2547.75
20057,29089,2424.08333333333
20167,22825,1902.08333333333
20117,29842,2486.83333333333
20001,25762,2146.83333333333
20023,26798,2233.16666666667
20035,26974,2247.83333333333
20049,20737,1728.08333333333
20059,30681,2556.75
20083,31348,2612.33333333333
20089,24077,2006.41666666667
20159,26515,2209.58333333333
20185,28120,2343.33333333333
20139,28478,2373.16666666667
20031,29788,2482.33333333333
20037,23064,1922
20073,25421,2118.41666666667
24013,42385,3532.08333333333
24035,41965,3497.08333333333
24037,42884,3573.66666666667
24017,48391,4032.58333333333
24019,29113,2426.08333333333
24043,30035,2502.91666666667
24045,27278,2273.16666666667
24015,35836,2986.33333333333
24011,28293,2357.75
25025,34192,2849.33333333333
25007,39842,3320.16666666667
25017,46130,3844.16666666667
25005,32803,2733.58333333333
25013,28671,2389.25
25009,35990,2999.16666666667
25011,31875,2656.25
25027,35350,2945.83333333333
25015,28327,2360.58333333333
26033,22322,1860.16666666667
26115,31107,2592.25
26125,39352,3279.33333333333
26059,26318,2193.16666666667
26121,26491,2207.58333333333
26089,32008,2667.33333333333
26087,30352,2529.33333333333
26151,25829,2152.41666666667
26083,28204,2350.33333333333
26131,24120,2010
26139,30688,2557.33333333333
26001,23311,1942.58333333333
26067,29878,2489.83333333333
26079,24739,2061.58333333333
26021,27125,2260.41666666667
26129,21906,1825.5
26165,24167,2013.91666666667
26039,24226,2018.83333333333
26043,29516,2459.66666666667
26063,26855,2237.91666666667
26065,26089,2174.08333333333
26105,26094,2174.5
26109,25843,2153.58333333333
26113,24963,2080.25
26149,27909,2325.75
26159,27226,2268.83333333333
26011,24345,2028.75
26015,31940,2661.66666666667
26071,24450,2037.5
26019,27368,2280.66666666667
26153,22869,1905.75
26163,26659,2221.58333333333
26055,30814,2567.83333333333
26097,25157,2096.41666666667
26049,26871,2239.25
20099,25772,2147.66666666667
20173,30468,2539
20157,28486,2373.83333333333
20065,26768,2230.66666666667
20045,26292,2191
20179,32220,2685
20069,32514,2709.5
46121,18483,1540.25
46102,15163,1263.58333333333
53039,26430,2202.5
53027,26117,2176.41666666667
53069,26813,2234.41666666667
53025,26262,2188.5
53061,40501,3375.08333333333
54089,21911,1825.91666666667
54025,23115,1926.25
54057,26545,2212.08333333333
54041,23106,1925.5
54075,22409,1867.41666666667
54083,24193,2016.08333333333
54105,25048,2087.33333333333
54015,19222,1601.83333333333
54061,24705,2058.75
54103,23664,1972
54039,26777,2231.41666666667
54077,25533,2127.75
54085,24511,2042.58333333333
54043,23003,1916.91666666667
54007,23583,1965.25
54005,22829,1902.41666666667
54109,22398,1866.5
55033,26111,2175.91666666667
55043,26687,2223.91666666667
55117,32823,2735.25
55078,23783,1981.91666666667
55011,30910,2575.83333333333
55063,29863,2488.58333333333
55073,31870,2655.83333333333
55121,31989,2665.75
55027,32199,2683.25
55125,26808,2234
55071,30838,2569.83333333333
55013,27403,2283.58333333333
55029,32871,2739.25
55039,32247,2687.25
55091,29817,2484.75
55103,29523,2460.25
55137,27300,2275
55065,31460,2621.66666666667
55093,31494,2624.5
55015,38365,3197.08333333333
55059,31510,2625.83333333333
56019,31327,2610.58333333333
20199,31675,2639.58333333333
20017,24442,2036.83333333333
20189,29191,2432.58333333333
20183,25739,2144.91666666667
20067,33723,2810.25
26009,27113,2259.41666666667
26061,20905,1742.08333333333
26093,38524,3210.33333333333
26069,23828,1985.66666666667
26085,18793,1566.08333333333
26101,25053,2087.75
20085,30334,2527.83333333333
20095,31157,2596.41666666667
20109,26898,2241.5
20131,30556,2546.33333333333
20149,34454,2871.16666666667
20209,26878,2239.83333333333
20021,24412,2034.33333333333
20015,32402,2700.16666666667
20027,27977,2331.41666666667
20105,28105,2342.08333333333
20169,29229,2435.75
20191,29526,2460.5
20195,32477,2706.41666666667
20197,31168,2597.33333333333
20205,25522,2126.83333333333
20123,27353,2279.41666666667
20141,27770,2314.16666666667
20005,22503,1875.25
20055,30650,2554.16666666667
20075,29909,2492.41666666667
20103,32466,2705.5
20201,28288,2357.33333333333
20203,30813,2567.75
20129,28843,2403.58333333333
20137,23436,1953
20009,26586,2215.5
20029,26492,2207.66666666667
20047,30531,2544.25
20101,30275,2522.91666666667
20165,27188,2265.66666666667
20115,25715,2142.91666666667
20133,26323,2193.58333333333
20143,30751,2562.58333333333
20161,23025,1918.75
20007,26147,2178.91666666667
20041,26855,2237.91666666667
20087,35862,2988.5
21089,25769,2147.41666666667
21069,23978,1998.16666666667
21043,19272,1606
21081,26185,2182.08333333333
21111,31170,2597.5
21141,26673,2222.75
21161,24944,2078.66666666667
21191,26522,2210.16666666667
21201,26864,2238.66666666667
21215,36253,3021.08333333333
21011,24636,2053
21007,25285,2107.08333333333
21021,24245,2020.41666666667
21087,19829,1652.41666666667
21095,17709,1475.75
21159,22992,1916
21137,23142,1928.5
21171,20677,1723.08333333333
21183,23272,1939.33333333333
21225,25799,2149.91666666667
21233,22344,1862
48249,21554,1796.16666666667
48111,30367,2530.58333333333
26119,23146,1928.83333333333
26141,25208,2100.66666666667
26051,24249,2020.75
26077,27981,2331.75
26107,20605,1717.08333333333
26103,26510,2209.16666666667
26123,25457,2121.41666666667
26133,23975,1997.91666666667
26137,26743,2228.58333333333
26025,26362,2196.83333333333
26031,24672,2056
26095,23277,1939.75
26081,30869,2572.41666666667
26145,25778,2148.16666666667
26155,29626,2468.83333333333
26017,27109,2259.08333333333
26029,29017,2418.08333333333
26041,26120,2176.66666666667
26047,29031,2419.25
27071,27799,2316.58333333333
27097,30319,2526.58333333333
27113,34055,2837.91666666667
27147,34883,2906.91666666667
27167,36838,3069.83333333333
27001,26586,2215.5
27043,30273,2522.75
27101,31283,2606.91666666667
27067,31061,2588.41666666667
27075,32930,2744.16666666667
27133,32941,2745.08333333333
27135,32827,2735.58333333333
27155,32362,2696.83333333333
27005,31304,2608.66666666667
27053,40502,3375.16666666667
27015,32186,2682.16666666667
27023,32049,2670.75
27029,26597,2216.41666666667
27049,34672,2889.33333333333
27059,36132,3011
27063,33412,2784.33333333333
27099,30821,2568.41666666667
27115,26478,2206.5
27109,40157,3346.41666666667
27159,26026,2168.83333333333
27009,32419,2701.58333333333
27047,29777,2481.41666666667
27061,28962,2413.5
27121,33598,2799.83333333333
27149,27740,2311.66666666667
27151,30691,2557.58333333333
27033,30748,2562.33333333333
27139,43988,3665.66666666667
27157,34536,2878
27117,29023,2418.58333333333
27107,30234,2519.5
27103,33167,2763.91666666667
48157,40880,3406.66666666667
48235,30909,2575.75
48489,16793,1399.41666666667
48115,21316,1776.33333333333
48051,30170,2514.16666666667
48355,27335,2277.91666666667
48379,24729,2060.75
48385,20868,1739
48431,36827,3068.91666666667
48065,38411,3200.91666666667
48161,26288,2190.66666666667
48197,19629,1635.75
48045,24375,2031.25
48291,27199,2266.58333333333
48301,23750,1979.16666666667
48395,24907,2075.58333333333
48401,26176,2181.33333333333
48455,23576,1964.66666666667
48019,24939,2078.25
48075,27867,2322.25
48091,36265,3022.08333333333
48225,21103,1758.58333333333
48349,24951,2079.25
48415,27681,2306.75
48433,25331,2110.91666666667
48021,30057,2504.75
48025,20371,1697.58333333333
48103,27260,2271.66666666667
50021,30112,2509.33333333333
50017,31445,2620.41666666667
50027,31840,2653.33333333333
49049,26084,2173.66666666667
49013,30440,2536.66666666667
49047,26723,2226.91666666667
49011,34554,2879.5
49015,29209,2434.08333333333
49017,23253,1937.75
51093,35695,2974.58333333333
51620,26839,2236.58333333333
51678,8641,720.083333333333
51089,21493,1791.08333333333
51101,34612,2884.33333333333
51109,29405,2450.41666666667
51147,18060,1505
51165,30670,2555.83333333333
21035,20899,1741.58333333333
21045,19094,1591.16666666667
21047,26667,2222.25
21059,27831,2319.25
21085,23040,1920
21101,26733,2227.75
21103,25639,2136.58333333333
21107,26085,2173.75
21109,20182,1681.83333333333
21125,22721,1893.41666666667
21157,27833,2319.41666666667
21163,29352,2446
21173,24173,2014.41666666667
21181,21681,1806.75
21185,41157,3429.75
27041,33855,2821.25
27051,30741,2561.75
27069,32384,2698.66666666667
27079,35685,2973.75
21187,24982,2081.83333333333
21203,19607,1633.91666666667
21209,33307,2775.58333333333
21227,25057,2088.08333333333
21003,22110,1842.5
21017,26389,2199.08333333333
21029,31348,2612.33333333333
21055,22431,1869.25
21075,20198,1683.16666666667
21119,16796,1399.66666666667
21165,23848,1987.33333333333
21177,20938,1744.83333333333
21193,21114,1759.5
21237,14180,1181.66666666667
21051,16369,1364.08333333333
21013,15563,1296.91666666667
21057,18583,1548.58333333333
21083,24822,2068.5
21129,16665,1388.75
21031,24598,2049.83333333333
21061,21545,1795.41666666667
21097,24369,2030.75
21023,25861,2155.08333333333
21179,30824,2568.66666666667
21231,19356,1613
21155,23359,1946.58333333333
21221,27365,2280.41666666667
21015,36732,3061
21113,27057,2254.75
21121,17124,1427
21133,19483,1623.58333333333
21139,24648,2054
21195,20813,1734.41666666667
21211,30536,2544.66666666667
21005,31028,2585.66666666667
21027,23373,1947.75
21073,32347,2695.58333333333
21147,15671,1305.91666666667
21151,22905,1908.75
21169,19767,1647.25
21189,17266,1438.83333333333
21213,26604,2217
21049,27322,2276.83333333333
21219,26469,2205.75
21041,22711,1892.58333333333
21053,19275,1606.25
21077,25496,2124.66666666667
22083,20158,1679.83333333333
27087,24792,2066
27025,38960,3246.66666666667
27127,29501,2458.41666666667
27173,30470,2539.16666666667
27153,28929,2410.75
27007,25619,2134.91666666667
27013,27486,2290.5
27055,34148,2845.66666666667
27073,29450,2454.16666666667
27077,24131,2010.91666666667
27111,31660,2638.33333333333
27161,30688,2557.33333333333
27137,29063,2421.91666666667
27003,39688,3307.33333333333
27145,30470,2539.16666666667
27037,42103,3508.58333333333
27083,30699,2558.25
27089,33917,2826.41666666667
27129,31212,2601
27163,44418,3701.5
27031,32016,2668
29103,20024,1668.66666666667
29139,27625,2302.08333333333
29207,22608,1884
29007,23257,1938.08333333333
29077,26445,2203.75
29185,21077,1756.41666666667
29197,22271,1855.91666666667
29029,24976,2081.33333333333
29099,32137,2678.08333333333
29143,23739,1978.25
29173,28251,2354.25
30017,28832,2402.66666666667
30075,31362,2613.5
30085,22477,1873.08333333333
30051,26465,2205.41666666667
30083,32507,2708.91666666667
30101,24360,2030
30019,32053,2671.08333333333
30045,26422,2201.83333333333
30023,23700,1975
30055,27143,2261.91666666667
30087,28115,2342.91666666667
30021,29196,2433
30007,30913,2576.08333333333
30071,26228,2185.66666666667
31009,29141,2428.41666666667
31049,26051,2170.91666666667
31113,25338,2111.5
31169,30097,2508.08333333333
31001,28213,2351.08333333333
31011,32416,2701.33333333333
22099,25297,2108.08333333333
22115,26098,2174.83333333333
22127,21224,1768.66666666667
22033,28441,2370.08333333333
22085,20945,1745.41666666667
22003,22405,1867.08333333333
22065,18095,1507.91666666667
22053,22566,1880.5
22093,26341,2195.08333333333
22043,20236,1686.33333333333
22125,30783,2565.25
22051,29735,2477.91666666667
01099,20706,1725.5
01079,24698,2058.16666666667
01081,25439,2119.91666666667
01093,20344,1695.33333333333
01107,20311,1692.58333333333
01119,15278,1273.16666666667
01073,29369,2447.41666666667
01023,20652,1721
01059,24210,2017.5
01091,22415,1867.91666666667
01113,24726,2060.5
01019,23121,1926.75
01039,24623,2051.91666666667
01041,21337,1778.08333333333
01047,20682,1723.5
01077,26007,2167.25
01085,17895,1491.25
01087,17540,1461.66666666667
01083,28473,2372.75
01117,38053,3171.08333333333
01133,20905,1742.08333333333
01003,29802,2483.5
01051,29988,2499
01071,24004,2000.33333333333
01121,22313,1859.41666666667
01129,21647,1803.91666666667
01027,22404,1867
01103,26510,2209.16666666667
01109,20958,1746.5
01033,25308,2109
01045,24767,2063.91666666667
01065,19167,1597.25
01049,21951,1829.25
01053,22986,1915.5
01111,24128,2010.66666666667
01097,25908,2159
01105,17576,1464.66666666667
01029,23433,1952.75
01035,21085,1757.08333333333
01005,17963,1496.91666666667
01007,21958,1829.83333333333
01015,24069,2005.75
01025,21613,1801.08333333333
01057,21529,1794.08333333333
31149,32198,2683.16666666667
31163,28496,2374.66666666667
22011,25940,2161.66666666667
22013,20695,1724.58333333333
22015,29338,2444.83333333333
22023,30517,2543.08333333333
22037,26177,2181.41666666667
22095,27932,2327.66666666667
22075,28697,2391.41666666667
22073,24755,2062.91666666667
22117,19978,1664.83333333333
22097,20843,1736.91666666667
22001,22795,1899.58333333333
22101,25255,2104.58333333333
22103,31566,2630.5
22111,24154,2012.83333333333
22017,23699,1974.91666666667
22005,37330,3110.83333333333
22055,29443,2453.58333333333
22045,24423,2035.25
22061,20228,1685.66666666667
22091,22444,1870.33333333333
22119,17267,1438.91666666667
22031,25566,2130.5
22047,25164,2097
22063,31434,2619.5
22067,20371,1697.58333333333
22071,26095,2174.58333333333
22109,25850,2154.16666666667
22019,27057,2254.75
22027,16244,1353.66666666667
22009,21711,1809.25
22049,21417,1784.75
22077,24851,2070.91666666667
22089,36001,3000.08333333333
22057,27296,2274.66666666667
22107,15723,1310.25
22059,21949,1829.08333333333
23015,29871,2489.25
23027,27241,2270.08333333333
23021,21687,1807.25
23003,22893,1907.75
23029,22871,1905.91666666667
23013,29602,2466.83333333333
23023,33990,2832.5
23011,29341,2445.08333333333
23007,25350,2112.5
23009,29700,2475
24510,29943,2495.25
24039,20174,1681.16666666667
24025,41771,3480.91666666667
24001,22555,1879.58333333333
31093,30998,2583.16666666667
31073,33845,2820.41666666667
31153,39856,3321.33333333333
31015,25286,2107.16666666667
31059,31831,2652.58333333333
31091,25673,2139.41666666667
31159,31663,2638.58333333333
31181,29290,2440.83333333333
31023,31456,2621.33333333333
31005,26184,2182
31067,30137,2511.41666666667
31099,32080,2673.33333333333
31119,30202,2516.83333333333
31137,31342,2611.83333333333
31179,24036,2003
31107,28390,2365.83333333333
31121,30243,2520.25
31133,25463,2121.91666666667
31183,31615,2634.58333333333
32015,39984,3332
32009,26310,2192.5
32021,24316,2026.33333333333
32017,30739,2561.58333333333
32031,32659,2721.58333333333
32510,31335,2611.25
33013,35807,2983.91666666667
33001,32332,2694.33333333333
33017,31687,2640.58333333333
34025,43508,3625.66666666667
34037,42781,3565.08333333333
34013,32062,2671.83333333333
34015,39098,3258.16666666667
34031,31272,2606
34003,46138,3844.83333333333
34041,38468,3205.66666666667
34005,41780,3481.66666666667
35029,16620,1385
35055,22060,1838.33333333333
35007,22717,1893.08333333333
35021,21086,1757.16666666667
35037,19569,1630.75
28103,17847,1487.25
28137,24970,2080.83333333333
28107,21299,1774.91666666667
28161,21930,1827.5
19189,30414,2534.5
19165,32322,2693.5
19007,24013,2001.08333333333
19095,33102,2758.5
19145,27928,2327.33333333333
19191,30273,2522.75
19155,31953,2662.75
19127,30385,2532.08333333333
19015,33532,2794.33333333333
19021,29438,2453.16666666667
19089,31701,2641.75
19077,31673,2639.41666666667
19091,30442,2536.83333333333
19121,35347,2945.58333333333
72061,,
72053,,
72007,,
72065,,
72133,,
72097,,
72119,,
72011,,
72033,,
72055,,
72087,,
72085,,
72145,,
05073,21109,1759.08333333333
05107,20294,1691.16666666667
05149,23158,1929.83333333333
05011,26213,2184.41666666667
05113,20349,1695.75
05103,21126,1760.5
05081,25886,2157.16666666667
05091,24076,2006.33333333333
05145,23470,1955.83333333333
06033,25172,2097.66666666667
06115,27877,2323.08333333333
06035,30814,2567.83333333333
06097,36623,3051.91666666667
06025,18245,1520.41666666667
06001,43583,3631.91666666667
06055,37953,3162.75
06091,28138,2344.83333333333
06113,30331,2527.58333333333
06057,32359,2696.58333333333
06045,26784,2232
06037,29985,2498.75
06085,47584,3965.33333333333
06093,25576,2131.33333333333
06015,23493,1957.75
08015,30011,2500.91666666667
08045,36618,3051.5
08059,41035,3419.58333333333
08103,30251,2520.91666666667
08021,20882,1740.16666666667
08001,34088,2840.66666666667
08037,38850,3237.5
08081,30196,2516.33333333333
08017,32727,2727.25
01101,26487,2207.25
01095,24278,2023.16666666667
01009,26976,2248
01067,23973,1997.75
01089,32588,2715.66666666667
01001,29725,2477.08333333333
01123,24621,2051.75
01061,22376,1864.66666666667
01131,17766,1480.5
02016,35204,2933.66666666667
02060,38804,3233.66666666667
02150,31806,2650.5
02188,18986,1582.16666666667
47107,22440,1870
47117,28320,2360
47143,23097,1924.75
47151,20467,1705.58333333333
47001,26136,2178
47049,19473,1622.75
47053,24373,2031.08333333333
47069,20987,1748.91666666667
47105,28529,2377.41666666667
47149,32018,2668.16666666667
47159,28205,2350.41666666667
47189,35388,2949
47171,21814,1817.83333333333
35027,23730,1977.5
35005,22812,1901
35025,28748,2395.66666666667
35049,32693,2724.41666666667
35059,23643,1970.25
35051,17281,1440.08333333333
35053,16986,1415.5
35041,19323,1610.25
35013,20801,1733.41666666667
35028,66708,5559
35039,25481,2123.41666666667
35047,19308,1609
35061,24497,2041.41666666667
35057,20651,1720.91666666667
35001,28973,2414.41666666667
35035,21871,1822.58333333333
35006,20443,1703.58333333333
35011,23838,1986.5
35019,19409,1617.41666666667
35003,22920,1910
36005,22232,1852.66666666667
36067,32772,2731
36019,29129,2427.41666666667
36099,29451,2454.25
36079,42440,3536.66666666667
36043,28005,2333.75
36069,33098,2758.16666666667
36101,28431,2369.25
36041,23364,1947
36013,25114,2092.83333333333
36047,31406,2617.16666666667
36107,31430,2619.16666666667
36073,28415,2367.91666666667
36091,41391,3449.25
36021,33048,2754
36049,29392,2449.33333333333
36119,42615,3551.25
36025,26032,2169.33333333333
36057,26952,2246
36085,39777,3314.75
36089,25915,2159.58333333333
36109,27572,2297.66666666667
36113,32238,2686.5
36023,26380,2198.33333333333
36027,35996,2999.66666666667
56031,26585,2215.41666666667
56033,34758,2896.5
56003,26237,2186.41666666667
56011,33258,2771.5
56029,31160,2596.66666666667
56001,22850,1904.16666666667
56007,31516,2626.33333333333
56015,27496,2291.33333333333
56041,29557,2463.08333333333
56043,29327,2443.91666666667
56017,27960,2330
56013,27725,2310.41666666667
56035,33412,2784.33333333333
56045,27367,2280.58333333333
72009,,
72077,,
72079,,
72001,,
72027,,
72103,,
72105,,
72013,,
72015,,
72115,,
72057,,
72049,,
72063,,
72017,,
72153,,
72005,,
72023,,
72109,,
72149,,
72031,,
72035,,
72069,,
72101,,
72139,,
72091,,
72111,,
72117,,
72125,,
72131,,
36055,31426,2618.83333333333
36065,30286,2523.83333333333
36111,31547,2628.91666666667
36015,28854,2404.5
36051,29939,2494.91666666667
36077,25415,2117.91666666667
36039,28253,2354.41666666667
36001,34723,2893.58333333333
36003,23709,1975.75
36009,26389,2199.08333333333
36053,30568,2547.33333333333
36093,31997,2666.41666666667
36037,30771,2564.25
36123,26361,2196.75
37079,22002,1833.5
37121,25087,2090.58333333333
37041,27338,2278.16666666667
37005,20795,1732.91666666667
37027,23742,1978.5
37035,27887,2323.91666666667
37045,23432,1952.66666666667
37049,27714,2309.5
37065,21874,1822.83333333333
37077,27413,2284.41666666667
37085,27340,2278.33333333333
37093,26299,2191.58333333333
37089,29652,2471
37095,20806,1733.83333333333
37097,30102,2508.5
37119,35339,2944.91666666667
37131,22203,1850.25
37147,25313,2109.41666666667
37159,26346,2195.5
37181,22006,1833.83333333333
37039,22947,1912.25
37053,35901,2991.75
37179,34405,2867.08333333333
37193,23989,1999.08333333333
37127,25978,2164.83333333333
37003,25797,2149.75
37055,30728,2560.66666666667
37185,21858,1821.5
37195,24755,2062.91666666667
37073,28354,2362.83333333333
37075,20279,1689.91666666667
37115,25148,2095.66666666667
37137,24135,2011.25
37149,26725,2227.08333333333
37151,25976,2164.66666666667
37169,26907,2242.25
37187,18139,1511.58333333333
37043,26318,2193.16666666667
37051,26713,2226.08333333333
37081,28890,2407.5
37099,21959,1829.91666666667
37139,26855,2237.91666666667
37155,21284,1773.66666666667
37173,21291,1774.25
37183,39798,3316.5
37007,22474,1872.83333333333
37111,24450,2037.5
37069,29127,2427.25
37103,22170,1847.5
37113,25439,2119.91666666667
37019,28184,2348.66666666667
37175,26010,2167.5
37013,25665,2138.75
37047,22271,1855.91666666667
37109,30413,2534.41666666667
37123,23955,1996.25
37135,31605,2633.75
37153,21211,1767.58333333333
37163,22516,1876.33333333333
37171,24505,2042.08333333333
37011,20407,1700.58333333333
37021,28525,2377.08333333333
37025,32366,2697.16666666667
37033,24309,2025.75
37059,30029,2502.41666666667
37057,27077,2256.41666666667
37061,21302,1775.16666666667
37063,34059,2838.25
37091,21356,1779.66666666667
37105,25799,2149.91666666667
37129,29520,2460
37141,27265,2272.08333333333
37191,25285,2107.08333333333
37165,21543,1795.25
37189,19690,1640.83333333333
37083,20754,1729.5
37001,27734,2311.16666666667
37177,19358,1613.16666666667
38089,40418,3368.16666666667
38103,35014,2917.83333333333
38013,43809,3650.75
38061,37826,3152.16666666667
38105,45062,3755.16666666667
38007,39375,3281.25
38043,30481,2540.08333333333
38019,35633,2969.41666666667
38037,28966,2413.83333333333
38049,38176,3181.33333333333
38091,42361,3530.08333333333
38005,26089,2174.08333333333
38045,35498,2958.16666666667
38059,38107,3175.58333333333
38025,37402,3116.83333333333
38051,30646,2553.83333333333
38063,31642,2636.83333333333
38079,27424,2285.33333333333
38099,33699,2808.25
38009,31982,2665.16666666667
38003,32744,2728.66666666667
38035,30264,2522
38053,39784,3315.33333333333
38055,36014,3001.16666666667
38069,27453,2287.75
38075,40758,3396.5
38011,33791,2815.91666666667
38015,40277,3356.41666666667
38047,32098,2674.83333333333
38065,40809,3400.75
38093,31343,2611.91666666667
38071,30193,2516.08333333333
38031,35118,2926.5
38039,31869,2655.75
38083,31402,2616.83333333333
38087,30568,2547.33333333333
39159,39845,3320.41666666667
39131,23430,1952.5
39125,28873,2406.08333333333
39061,31579,2631.58333333333
39049,32427,2702.25
39101,23412,1951
39157,27316,2276.33333333333
39169,29052,2421
39015,28635,2386.25
39017,31637,2636.41666666667
39067,25261,2105.08333333333
39083,27404,2283.66666666667
39089,31000,2583.33333333333
39139,25390,2115.83333333333
39163,23750,1979.16666666667
39019,29667,2472.25
39063,31737,2644.75
39025,32761,2730.08333333333
39045,32050,2670.83333333333
39039,30487,2540.58333333333
39071,23646,1970.5
39069,31093,2591.08333333333
39081,25577,2131.41666666667
39133,27359,2279.91666666667
39137,34795,2899.58333333333
39013,25252,2104.33333333333
39027,27859,2321.58333333333
39047,27986,2332.16666666667
39127,24862,2071.83333333333
39129,30721,2560.08333333333
39097,31612,2634.33333333333
39119,25116,2093
39143,29611,2467.58333333333
39161,30494,2541.16666666667
39167,26399,2199.91666666667
39011,32918,2743.16666666667
39037,29106,2425.5
39123,30701,2558.41666666667
39065,25434,2119.5
39079,24981,2081.75
39077,28398,2366.5
39009,16021,1335.08333333333
39001,20725,1727.08333333333
39103,37069,3089.08333333333
39095,27602,2300.16666666667
39121,22922,1910.16666666667
72021,,
72029,,
72045,,
72075,,
72083,,
72047,,
72095,,
72113,,
72135,,
72137,,
72147,,
72151,,
72003,,
72025,,
72041,,
72043,,
72051,,
72089,,
72019,,
72107,,
72129,,
72037,,
72039,,
72071,,
72073,,
72081,,
72127,,
72143,,
72093,,
39147,26909,2242.41666666667
39151,27962,2330.16666666667
39031,24872,2072.66666666667
39041,46471,3872.58333333333
39055,36968,3080.66666666667
39073,26156,2179.66666666667
39085,33539,2794.91666666667
39141,26545,2212.08333333333
39035,29458,2454.83333333333
39075,27217,2268.08333333333
39109,30566,2547.16666666667
39111,24070,2005.83333333333
39155,26458,2204.83333333333
39173,29107,2425.58333333333
39005,26810,2234.16666666667
40043,26291,2190.91666666667
40059,26495,2207.91666666667
40083,29442,2453.5
40143,30505,2542.08333333333
40147,28068,2339
40057,25767,2147.25
40061,21951,1829.25
40111,22500,1875
40113,27652,2304.33333333333
40067,22729,1894.08333333333
40047,27646,2303.83333333333
40049,27142,2261.83333333333
40121,26240,2186.66666666667
40123,27415,2284.58333333333
40129,27069,2255.75
40153,29442,2453.5
40021,22142,1845.16666666667
40041,22210,1850.83333333333
40045,26869,2239.08333333333
40051,29704,2475.33333333333
40119,21193,1766.08333333333
40125,24983,2081.91666666667
40037,27326,2277.16666666667
40141,21892,1824.33333333333
40149,28225,2352.08333333333
40033,24600,2050
40075,22663,1888.58333333333
40079,21806,1817.16666666667
40089,22631,1885.91666666667
40093,29333,2444.41666666667
40097,25134,2094.5
40109,30299,2524.91666666667
40039,25736,2144.66666666667
40085,24145,2012.08333333333
40009,23010,1917.5
40023,21269,1772.41666666667
40065,27002,2250.16666666667
40081,26190,2182.5
40117,25474,2122.83333333333
40133,22026,1835.5
40025,30925,2577.08333333333
40011,26007,2167.25
40029,24171,2014.25
40053,31615,2634.58333333333
40073,31430,2619.16666666667
40087,32824,2735.33333333333
40095,23746,1978.83333333333
40103,27141,2261.75
40105,24022,2001.83333333333
40131,32493,2707.75
40135,21001,1750.08333333333
40003,24113,2009.41666666667
40151,23460,1955
40027,31458,2621.5
40107,21287,1773.91666666667
40005,21263,1771.91666666667
41061,25785,2148.75
41047,28340,2361.66666666667
41019,24680,2056.66666666667
41031,26242,2186.83333333333
41053,28241,2353.41666666667
41017,31371,2614.25
41043,27939,2328.25
41071,29737,2478.08333333333
41001,26254,2187.83333333333
41035,24668,2055.66666666667
41041,24631,2052.58333333333
41003,25899,2158.25
41013,25723,2143.58333333333
41055,30194,2516.16666666667
41025,24409,2034.08333333333
41045,21888,1824
41063,26382,2198.5
41069,21543,1795.25
41049,26976,2248
41011,24980,2081.66666666667
41015,23974,1997.83333333333
41021,29167,2430.58333333333
41027,31097,2591.41666666667
41037,22214,1851.16666666667
41051,34152,2846
42103,30423,2535.25
42109,27703,2308.58333333333
42115,29356,2446.33333333333
42039,26199,2183.25
42049,26585,2215.41666666667
42057,29248,2437.33333333333
42067,26870,2239.16666666667
42107,28165,2347.08333333333
42131,28347,2362.25
42001,30935,2577.91666666667
42005,27409,2284.08333333333
42035,25229,2102.41666666667
42025,29134,2427.83333333333
42027,26079,2173.25
42097,26746,2228.83333333333
42095,31975,2664.58333333333
42121,26251,2187.58333333333
42007,30666,2555.5
42069,27406,2283.83333333333
42083,25302,2108.5
42051,25235,2102.91666666667
42091,43022,3585.16666666667
42033,24994,2082.83333333333
42075,30582,2548.5
42081,27053,2254.41666666667
42093,30113,2509.41666666667
42123,26904,2242
42019,34235,2852.91666666667
42047,30340,2528.33333333333
42071,31318,2609.83333333333
42085,25932,2161
42105,24449,2037.41666666667
42117,25397,2116.41666666667
44005,37366,3113.83333333333
44007,30257,2521.41666666667
44001,37924,3160.33333333333
45003,27373,2281.08333333333
45005,19688,1640.66666666667
45037,23712,1976
45023,23837,1986.41666666667
45029,21844,1820.33333333333
45067,19308,1609
45063,32024,2668.66666666667
45073,25517,2126.41666666667
45015,31055,2587.91666666667
45019,34431,2869.25
45043,23586,1965.5
45069,19932,1661
45007,26409,2200.75
45025,22239,1853.25
45047,23996,1999.66666666667
45051,25980,2165
45055,27414,2284.5
45075,20977,1748.08333333333
45083,26358,2196.5
45009,19520,1626.66666666667
45013,31632,2636
45017,27528,2294
45033,18455,1537.91666666667
45081,22811,1900.91666666667
45079,27682,2306.83333333333
45039,23993,1999.41666666667
45049,21343,1778.58333333333
45045,30374,2531.16666666667
45057,28557,2379.75
45035,31613,2634.41666666667
45041,25706,2142.16666666667
45059,21883,1823.58333333333
45065,23510,1959.16666666667
45077,23331,1944.25
45087,21599,1799.91666666667
45089,20438,1703.16666666667
46003,35781,2981.75
46051,32478,2706.5
46123,28905,2408.75
46137,21181,1765.08333333333
46115,31111,2592.58333333333
46009,25382,2115.16666666667
46011,26704,2225.33333333333
46047,24749,2062.41666666667
46057,32500,2708.33333333333
46071,17050,1420.83333333333
46033,31570,2630.83333333333
46069,34196,2849.66666666667
46049,29184,2432
46067,30145,2512.08333333333
46129,31106,2592.16666666667
46017,15181,1265.08333333333
46037,27029,2252.41666666667
46043,27436,2286.33333333333
46063,33523,2793.58333333333
46089,25558,2129.83333333333
46109,26253,2187.75
46119,36450,3037.5
46083,39432,3286
46079,28121,2343.41666666667
46081,27320,2276.66666666667
46029,31021,2585.08333333333
46019,25160,2096.66666666667
46031,21172,1764.33333333333
46045,36104,3008.66666666667
46021,31790,2649.16666666667
46007,24988,2082.33333333333
46055,25625,2135.41666666667
46075,30053,2504.41666666667
46093,30410,2534.16666666667
46125,31455,2621.25
46013,32380,2698.33333333333
46061,31341,2611.75
46087,32425,2702.08333333333
46095,17740,1478.33333333333
46101,32692,2724.33333333333
46103,29805,2483.75
46127,37384,3115.33333333333
46097,29577,2464.75
53003,27238,2269.83333333333
53001,24178,2014.83333333333
53023,27941,2328.41666666667
53045,28386,2365.5
53057,32180,2681.66666666667
53065,25440,2120
53063,30173,2514.41666666667
53043,29446,2453.83333333333
53007,28892,2407.66666666667
53031,29678,2473.16666666667
53035,36449,3037.41666666667
53033,45489,3790.75
53049,24234,2019.5
53051,27528,2294
53055,33216,2768
53059,31344,2612
53075,17679,1473.25
53077,25527,2127.25
53009,27638,2303.16666666667
53015,27688,2307.33333333333
53019,23052,1921
53041,26381,2198.41666666667
53017,30106,2508.83333333333
53029,33871,2822.58333333333
53053,36273,3022.75
53021,28942,2411.83333333333
53071,28051,2337.58333333333
53073,29769,2480.75
54023,23007,1917.25
54027,25543,2128.58333333333
54009,27808,2317.33333333333
54017,21366,1780.5
54031,24484,2040.33333333333
54049,26069,2172.41666666667
54059,20956,1746.33333333333
54029,25976,2164.66666666667
54051,25627,2135.58333333333
54067,22673,1889.41666666667
54093,25045,2087.08333333333
54095,24476,2039.66666666667
54087,21446,1787.16666666667
54091,25791,2149.25
54107,26052,2171
54021,18646,1553.83333333333
54053,25409,2117.41666666667
54063,22752,1896
54073,25660,2138.33333333333
54011,22326,1860.5
54037,34869,2905.75
54045,22558,1879.83333333333
54071,22380,1865
54033,27547,2295.58333333333
54069,26881,2240.08333333333
54013,19188,1599
54065,27047,2253.91666666667
54081,23997,1999.75
54079,32009,2667.41666666667
54001,21612,1801
54047,17088,1424
54099,21185,1765.41666666667
54035,26611,2217.58333333333
54055,22391,1865.91666666667
54097,24107,2008.91666666667
54101,20469,1705.75
54003,31811,2650.91666666667
54019,22401,1866.75
55051,25505,2125.41666666667
55019,29167,2430.58333333333
55109,41079,3423.25
55083,31619,2634.91666666667
55069,31364,2613.66666666667
55135,30707,2558.91666666667
55005,27608,2300.66666666667
55113,26906,2242.16666666667
55047,30362,2530.16666666667
55099,27162,2263.5
55077,28615,2384.58333333333
55075,26923,2243.58333333333
55079,30129,2510.75
29205,24780,2065
29225,26009,2167.41666666667
29005,28101,2341.75
29013,26493,2207.75
29015,21691,1807.58333333333
29035,20879,1739.91666666667
29057,20907,1742.25
55101,31195,2599.58333333333
55139,31111,2592.58333333333
55041,25423,2118.58333333333
55045,32730,2727.5
55107,26765,2230.41666666667
55115,29799,2483.25
55067,27700,2308.33333333333
55087,33629,2802.41666666667
55123,28462,2371.83333333333
55021,36664,3055.33333333333
55061,33195,2766.25
55009,32799,2733.25
55035,29023,2418.58333333333
55085,28825,2402.08333333333
55095,31523,2626.91666666667
55129,28390,2365.83333333333
55133,41242,3436.83333333333
55127,29626,2468.83333333333
55023,27605,2300.41666666667
55057,27577,2298.08333333333
55111,31042,2586.83333333333
55131,39079,3256.58333333333
55017,30668,2555.66666666667
55025,38191,3182.58333333333
55031,29967,2497.25
55053,27439,2286.58333333333
55049,35190,2932.5
55089,40734,3394.5
55097,29393,2449.41666666667
55105,30624,2552
55119,30638,2553.16666666667
55001,24940,2078.33333333333
55007,29710,2475.83333333333
55081,31946,2662.16666666667
55141,31081,2590.08333333333
55003,23772,1981
55037,27257,2271.41666666667
55055,31785,2648.75
56005,41471,3455.91666666667
56023,30881,2573.41666666667
56025,32749,2729.08333333333
56009,34183,2848.58333333333
56027,21065,1755.41666666667
56037,36512,3042.66666666667
47177,23268,1939
47179,24948,2079
47183,21594,1799.5
47005,19844,1653.66666666667
47007,23166,1930.5
47013,21656,1804.66666666667
47015,27262,2271.83333333333
47083,23090,1924.16666666667
47119,30161,2513.41666666667
48373,25626,2135.5
48391,22952,1912.66666666667
48467,26570,2214.16666666667
48055,27173,2264.41666666667
48487,24911,2075.91666666667
48317,33282,2773.5
29115,26909,2242.41666666667
29091,21380,1781.66666666667
29101,25893,2157.75
29105,25278,2106.5
29125,26802,2233.5
29161,24011,2000.91666666667
29165,39879,3323.25
29187,23815,1984.58333333333
29510,28186,2348.83333333333
29003,30478,2539.83333333333
29023,21207,1767.25
29033,25904,2158.66666666667
29061,25878,2156.5
29087,28772,2397.66666666667
29127,25606,2133.83333333333
29151,31440,2620
29181,17408,1450.66666666667
29219,29000,2416.66666666667
29221,20390,1699.16666666667
29043,30295,2524.58333333333
29063,28051,2337.58333333333
29081,23496,1958
29107,29888,2490.66666666667
29001,20211,1684.25
29199,27390,2282.5
29211,25013,2084.41666666667
29045,25281,2106.75
29097,25861,2155.08333333333
29111,23806,1983.83333333333
29119,24130,2010.83333333333
29157,28678,2389.83333333333
29167,21765,1813.75
29177,30594,2549.5
30041,25932,2161
30015,24726,2060.5
30053,21649,1804.08333333333
30067,30906,2575.5
30103,27500,2291.66666666667
30005,23482,1956.83333333333
30097,26618,2218.16666666667
30099,27392,2282.66666666667
30079,23077,1923.08333333333
30035,20169,1680.75
30025,38867,3238.91666666667
30037,22246,1853.83333333333
30093,25309,2109.08333333333
30095,30618,2551.5
30043,31749,2645.75
30039,24408,2034
30107,24337,2028.08333333333
30057,26081,2173.41666666667
30091,30951,2579.25
30011,30061,2505.08333333333
30003,25387,2115.58333333333
30047,23843,1986.91666666667
30049,33992,2832.66666666667
30073,26273,2189.41666666667
30111,32306,2692.16666666667
30063,26424,2202
48501,34598,2883.16666666667
48189,25386,2115.5
48419,22658,1888.16666666667
48387,22731,1894.25
48399,24755,2062.91666666667
48435,30298,2524.83333333333
48451,27568,2297.33333333333
48469,27297,2274.75
48481,26008,2167.33333333333
48485,25448,2120.66666666667
48033,35926,2993.83333333333
48315,22340,1861.66666666667
48323,18489,1540.75
48181,27892,2324.33333333333
48297,24005,2000.41666666667
48363,23594,1966.16666666667
48255,27036,2253
48123,27063,2255.25
48059,26843,2236.91666666667
48067,24905,2075.41666666667
48183,25980,2165
48313,24769,2064.08333333333
48303,26244,2187
48257,31774,2647.83333333333
48259,34853,2904.41666666667
48153,25377,2114.75
48017,25217,2101.41666666667
48071,37261,3105.08333333333
48027,29284,2440.33333333333
48061,19933,1661.08333333333
48117,28087,2340.58333333333
48141,23153,1929.41666666667
48283,20019,1668.25
48443,24069,2005.75
48457,22214,1851.16666666667
48483,27031,2252.58333333333
48009,32611,2717.58333333333
48043,27435,2286.25
48215,19271,1605.91666666667
48423,27384,2282
48105,31618,2634.83333333333
48207,20731,1727.58333333333
48227,25808,2150.66666666667
48333,20128,1677.33333333333
48337,27018,2251.5
48365,26162,2180.16666666667
48403,20582,1715.16666666667
48421,28307,2358.91666666667
48437,21851,1820.91666666667
48231,26198,2183.16666666667
48063,25628,2135.66666666667
48195,24501,2041.75
48187,33952,2829.33333333333
48077,27652,2304.33333333333
48205,34152,2846
48383,38030,3169.16666666667
48217,25335,2111.25
48293,23703,1975.25
48347,21426,1785.5
48369,29158,2429.83333333333
48367,32185,2682.08333333333
30081,25250,2104.16666666667
30105,27337,2278.08333333333
30013,28467,2372.25
30027,27245,2270.41666666667
30033,24904,2075.33333333333
30061,21457,1788.08333333333
30069,32031,2669.25
30077,23966,1997.16666666667
30089,20894,1741.16666666667
30109,33634,2802.83333333333
30031,31088,2590.66666666667
30059,22978,1914.83333333333
30009,29315,2442.91666666667
30001,22728,1894
30029,28269,2355.75
30065,26137,2178.08333333333
31083,30629,2552.41666666667
31185,29530,2460.83333333333
31019,29034,2419.5
31037,30922,2576.83333333333
31087,27922,2326.83333333333
31141,31704,2642
31143,31955,2662.91666666667
31013,31370,2614.16666666667
31017,27052,2254.33333333333
31161,25100,2091.66666666667
31109,31293,2607.75
31129,24586,2048.83333333333
31007,31667,2638.91666666667
31063,28080,2340
31055,34837,2903.08333333333
31147,26924,2243.66666666667
31089,31359,2613.25
31065,27219,2268.25
31151,27154,2262.83333333333
31173,24607,2050.58333333333
31177,38306,3192.16666666667
31031,30706,2558.83333333333
31053,28702,2391.83333333333
31069,26809,2234.08333333333
31123,26909,2242.41666666667
31127,26546,2212.16666666667
31171,30556,2546.33333333333
31043,29788,2482.33333333333
31003,27204,2267
31029,31402,2616.83333333333
31035,30360,2530
31041,29112,2426
31061,27422,2285.16666666667
31081,32042,2670.16666666667
31095,27036,2253
31101,27512,2292.66666666667
31115,24773,2064.41666666667
31135,36429,3035.75
31155,35500,2958.33333333333
31157,27447,2287.25
31103,27195,2266.25
31105,28264,2355.33333333333
31111,30714,2559.5
48377,14817,1234.75
48465,21541,1795.08333333333
48109,16921,1410.08333333333
48135,31823,2651.91666666667
48169,23376,1948
48173,23286,1940.5
48185,26262,2188.5
48085,46479,3873.25
48005,24657,2054.75
48101,19886,1657.16666666667
48209,31519,2626.58333333333
48039,40496,3374.66666666667
48129,23774,1981.16666666667
48013,24278,2023.16666666667
48353,23370,1947.5
48229,14326,1193.83333333333
48475,31467,2622.25
48203,26572,2214.33333333333
48327,22898,1908.16666666667
48149,30069,2505.75
48491,39583,3298.58333333333
48233,24896,2074.66666666667
48343,23596,1966.33333333333
48361,31543,2628.58333333333
48495,28788,2399
48201,31323,2610.25
48053,27425,2285.41666666667
48171,28772,2397.66666666667
48113,31136,2594.66666666667
48311,32325,2693.75
48503,27199,2266.58333333333
48251,31846,2653.83333333333
48223,26608,2217.33333333333
48357,24270,2022.5
48275,26690,2224.16666666667
48309,25390,2115.83333333333
48095,24384,2032
48137,19526,1627.16666666667
48133,20255,1687.91666666667
48243,27405,2283.75
48247,19364,1613.66666666667
48339,37915,3159.58333333333
48127,15656,1304.66666666667
48479,21894,1824.5
48011,31212,2601
48069,28772,2397.66666666667
48273,22844,1903.66666666667
48097,30926,2577.16666666667
48107,22188,1849
48151,27609,2300.75
48131,20615,1717.91666666667
48031,30193,2516.08333333333
48241,24871,2072.58333333333
48245,27672,2306
48271,19296,1608
48359,27938,2328.16666666667
48279,24806,2067.16666666667
48295,27259,2271.58333333333
48307,23211,1934.25
48319,26329,2194.08333333333
48125,23000,1916.66666666667
31139,34406,2867.16666666667
31165,28917,2409.75
31021,30128,2510.66666666667
31025,36303,3025.25
31039,31859,2654.91666666667
31051,30474,2539.5
31057,30585,2548.75
31075,25324,2110.33333333333
31077,26683,2223.58333333333
31079,30996,2583
31085,30641,2553.41666666667
31131,31515,2626.25
31145,25858,2154.83333333333
31027,31682,2640.16666666667
31045,24964,2080.33333333333
31097,28603,2383.58333333333
31033,32105,2675.41666666667
31047,28990,2415.83333333333
31071,26773,2231.08333333333
31117,32222,2685.16666666667
31125,27654,2304.5
31167,32453,2704.41666666667
31175,27008,2250.66666666667
32001,30912,2576
32005,34007,2833.91666666667
32027,26088,2174
32011,33380,2781.66666666667
32013,33656,2804.66666666667
32033,30612,2551
32007,39350,3279.16666666667
32023,25214,2101.16666666667
32029,36864,3072
32003,30913,2576.08333333333
32019,28951,2412.58333333333
33005,30044,2503.66666666667
33009,30412,2534.33333333333
33015,42549,3545.75
33019,32668,2722.33333333333
33011,37887,3157.25
33007,26003,2166.91666666667
33003,32047,2670.58333333333
34021,35699,2974.91666666667
34011,24786,2065.5
34035,49614,4134.5
34029,34168,2847.33333333333
34001,30123,2510.25
34023,41142,3428.5
34033,32111,2675.91666666667
34009,32777,2731.41666666667
34007,33626,2802.16666666667
34039,36098,3008.16666666667
34017,36230,3019.16666666667
34019,51782,4315.16666666667
34027,50928,4244
35023,20866,1738.83333333333
35031,17490,1457.5
35043,30199,2516.58333333333
35017,21563,1796.91666666667
35009,24288,2024
48287,28827,2402.25
48439,33326,2777.16666666667
48001,23143,1928.58333333333
48139,34653,2887.75
48239,27460,2288.33333333333
48265,27511,2292.58333333333
48331,26198,2183.16666666667
48093,27745,2312.08333333333
48145,21182,1765.16666666667
48047,14471,1205.91666666667
48015,30570,2547.5
48261,22847,1903.91666666667
48089,29522,2460.16666666667
48409,26180,2181.66666666667
48381,34417,2868.08333333333
48411,23253,1937.75
48413,26524,2210.33333333333
48507,15223,1268.58333333333
48057,26914,2242.83333333333
48155,21806,1817.16666666667
48175,27950,2329.16666666667
48193,24120,2010
48335,26595,2216.25
48449,25174,2097.83333333333
48285,29296,2441.33333333333
48445,22037,1836.41666666667
48497,29858,2488.16666666667
48321,25473,2122.75
48371,27388,2282.33333333333
48397,46518,3876.5
48441,26504,2208.66666666667
48447,26167,2180.58333333333
48471,26411,2200.91666666667
48499,25192,2099.33333333333
48007,21631,1802.58333333333
48079,25346,2112.16666666667
48081,25556,2129.66666666667
48099,26408,2200.66666666667
48211,35830,2985.83333333333
48341,31237,2603.08333333333
48375,25457,2121.41666666667
48405,21445,1787.08333333333
48417,26200,2183.33333333333
48427,14038,1169.83333333333
48461,28795,2399.58333333333
48049,25515,2126.25
48191,20053,1671.08333333333
48159,28613,2384.41666666667
48163,17164,1430.33333333333
48281,30269,2522.41666666667
50019,26134,2177.83333333333
50013,35800,2983.33333333333
50007,34738,2894.83333333333
50015,32179,2681.58333333333
50011,33676,2806.33333333333
50005,27052,2254.33333333333
50025,28936,2411.33333333333
50003,28353,2362.75
50001,31536,2628
50009,23933,1994.41666666667
35015,30903,2575.25
35033,14398,1199.83333333333
35045,24798,2066.5
28009,26246,2187.16666666667
28037,20906,1742.16666666667
28027,17588,1465.66666666667
28061,22667,1888.91666666667
28067,24228,2019
28147,21211,1767.58333333333
28095,24172,2014.33333333333
28115,23519,1959.91666666667
28051,16311,1359.25
28005,19961,1663.41666666667
28089,36455,3037.91666666667
28013,21549,1795.75
28091,19521,1626.75
28141,21364,1780.33333333333
28153,22723,1893.58333333333
28041,21427,1785.58333333333
28093,25089,2090.75
28119,16623,1385.25
28109,23307,1942.25
28079,21268,1772.33333333333
28099,20238,1686.5
28121,32740,2728.33333333333
28151,18920,1576.66666666667
28077,25295,2107.91666666667
28111,19860,1655
28017,22654,1887.83333333333
28015,22450,1870.83333333333
28039,25184,2098.66666666667
28043,23220,1935
28063,17291,1440.91666666667
28101,22218,1851.5
28117,21324,1777
28125,20299,1691.58333333333
28019,19340,1611.66666666667
28045,26751,2229.25
28057,23311,1942.58333333333
28055,14154,1179.5
28059,26888,2240.66666666667
28083,18160,1513.33333333333
28143,22490,1874.16666666667
28021,15877,1323.08333333333
28047,25896,2158
28075,23061,1921.75
28085,24466,2038.83333333333
28127,21821,1818.41666666667
28159,20528,1710.66666666667
28007,20050,1670.83333333333
28073,30085,2507.08333333333
28081,26351,2195.91666666667
28135,18315,1526.25
28129,24747,2062.25
28149,24260,2021.66666666667
28023,23381,1948.41666666667
28097,21958,1829.83333333333
28105,19134,1594.5
50023,33620,2801.66666666667
49027,27383,2281.91666666667
49045,35164,2930.33333333333
49053,27392,2282.66666666667
49025,24877,2073.08333333333
49043,42507,3542.25
49019,27170,2264.16666666667
49031,19495,1624.58333333333
49033,26997,2249.75
49051,35491,2957.58333333333
49001,30436,2536.33333333333
49003,30295,2524.58333333333
49021,24493,2041.08333333333
49039,19986,1665.5
49041,25084,2090.33333333333
49057,31248,2604
49037,22504,1875.33333333333
49035,32867,2738.91666666667
49009,30536,2544.66666666667
49055,22381,1865.08333333333
49007,25497,2124.75
49029,37091,3090.91666666667
49005,23906,1992.16666666667
49023,26464,2205.33333333333
51095,38309,3192.41666666667
51167,20595,1716.25
51173,22253,1854.41666666667
51540,31307,2608.91666666667
51031,27489,2290.75
51087,37151,3095.91666666667
51099,39966,3330.5
51103,30382,2531.83333333333
51105,18053,1504.41666666667
51115,31223,2601.91666666667
51119,29179,2431.58333333333
51149,34491,2874.25
51159,25103,2091.91666666667
51169,21713,1809.41666666667
51177,38572,3214.33333333333
51011,29989,2499.08333333333
51067,28319,2359.91666666667
51097,32279,2689.91666666667
51121,25174,2097.83333333333
51127,40475,3372.91666666667
51049,25748,2145.66666666667
51051,19333,1611.08333333333
51083,23640,1970
51107,60126,5010.5
51153,43568,3630.66666666667
51175,28940,2411.66666666667
51091,25969,2164.08333333333
51033,32279,2689.91666666667
51073,35294,2941.16666666667
51141,23174,1931.16666666667
51145,40000,3333.33333333333
51171,28856,2404.66666666667
51061,44134,3677.83333333333
51790,29164,2430.33333333333
51065,38143,3178.58333333333
28155,22854,1904.5
28003,23918,1993.16666666667
28025,21538,1794.83333333333
28031,19655,1637.91666666667
28053,15900,1325
42043,33232,2769.33333333333
42055,31630,2635.83333333333
42119,24477,2039.75
42127,26450,2204.16666666667
42009,26133,2177.75
42089,29056,2421.33333333333
42061,25629,2135.75
42125,31369,2614.08333333333
42101,26211,2184.25
42133,32447,2703.91666666667
42063,23177,1931.41666666667
42041,35935,2994.58333333333
42003,33363,2780.25
42129,31061,2588.41666666667
42053,17495,1457.91666666667
42013,27166,2263.83333333333
42073,26315,2192.91666666667
42015,27407,2283.91666666667
42021,25590,2132.5
42029,43323,3610.25
42011,30695,2557.91666666667
42087,26254,2187.83333333333
29129,25028,2085.66666666667
29229,19181,1598.41666666667
29047,35437,2953.08333333333
29065,23507,1958.91666666667
29195,24437,2036.41666666667
29227,26183,2181.91666666667
29079,23298,1941.5
29141,21027,1752.25
29179,22173,1847.75
29189,35387,2948.91666666667
29209,24046,2003.83333333333
29009,23819,1984.91666666667
29019,29043,2420.25
29051,33462,2788.5
29055,22158,1846.5
29093,20351,1695.91666666667
29117,26939,2244.91666666667
29135,29996,2499.66666666667
29155,18526,1543.83333333333
29159,24493,2041.08333333333
29203,17782,1481.83333333333
29175,25739,2144.91666666667
29069,21034,1752.83333333333
29071,30619,2551.58333333333
29089,24994,2082.83333333333
29095,31562,2630.16666666667
29131,26846,2237.16666666667
29171,24892,2074.33333333333
29213,23883,1990.25
29021,26406,2200.5
29025,26571,2214.25
51750,12919,1076.58333333333
51840,28202,2350.16666666667
51001,25346,2112.16666666667
51045,30199,2516.58333333333
51063,29316,2443
51071,29348,2445.66666666667
51077,20121,1676.75
51135,25160,2096.66666666667
51157,37708,3142.33333333333
51036,28848,2404
51047,32427,2702.25
51053,30619,2551.58333333333
51079,35259,2938.25
51085,40097,3341.41666666667
51111,22856,1904.66666666667
51137,33574,2797.83333333333
51595,19315,1609.58333333333
51197,25306,2108.83333333333
51550,37511,3125.91666666667
51660,18223,1518.58333333333
51003,37498,3124.83333333333
51019,31616,2634.66666666667
51029,23248,1937.33333333333
51195,20795,1732.91666666667
51580,26006,2167.16666666667
51740,27350,2279.16666666667
51810,37350,3112.5
51005,26560,2213.33333333333
51640,20318,1693.16666666667
51193,29556,2463
51133,31633,2636.08333333333
51155,27826,2318.83333333333
51187,32367,2697.25
51590,22419,1868.25
51630,32193,2682.75
51009,27580,2298.33333333333
51017,30285,2523.75
51670,25362,2113.5
51700,29837,2486.41666666667
51069,37186,3098.83333333333
51680,20819,1734.91666666667
51199,42896,3574.66666666667
51690,22126,1843.83333333333
51125,30861,2571.75
51143,25237,2103.08333333333
51530,18000,1500
51610,70390,5865.83333333333
51730,22893,1907.75
51735,41388,3449
51600,50560,4213.33333333333
51820,28523,2376.91666666667
51770,25057,2088.08333333333
51800,36375,3031.25
51710,26694,2224.5
51007,31722,2643.5
51041,39276,3273
51059,53727,4477.25
53047,24978,2081.5
53037,25786,2148.83333333333
29037,34558,2879.83333333333
29049,32199,2683.25
29059,21248,1770.66666666667
29085,20154,1679.5
29113,31168,2597.33333333333
29137,26924,2243.66666666667
29145,26793,2232.75
29163,23088,1924
29183,39314,3276.16666666667
29031,26761,2230.08333333333
47031,25585,2132.08333333333
47047,29502,2458.5
47067,18665,1555.41666666667
47073,22905,1908.75
47091,17509,1459.08333333333
47103,27624,2302
47111,23375,1947.91666666667
47127,31250,2604.16666666667
47147,31153,2596.08333333333
47051,25327,2110.58333333333
47009,28221,2351.75
47021,30987,2582.25
47019,22290,1857.5
47057,22533,1877.75
47055,26631,2219.25
47097,22263,1855.25
47099,23591,1965.91666666667
47113,26718,2226.5
47115,23598,1966.5
47133,23281,1940.08333333333
47137,21654,1804.5
47181,21390,1782.5
47187,45817,3818.08333333333
47003,26084,2173.66666666667
47059,22668,1889
47035,24268,2022.33333333333
47175,21845,1820.41666666667
47025,20312,1692.66666666667
47081,22891,1907.58333333333
47085,23413,1951.08333333333
47141,24160,2013.33333333333
47155,23907,1992.25
47161,24176,2014.66666666667
47023,24558,2046.5
47039,22024,1835.33333333333
47087,19749,1645.75
47109,21602,1800.16666666667
47145,26097,2174.75
47011,26412,2201
47063,23358,1946.5
47173,22784,1898.66666666667
47071,21631,1802.58333333333
47043,28052,2337.66666666667
47129,21844,1820.33333333333
47123,22364,1863.66666666667
47079,22462,1871.83333333333
47033,25620,2135
47095,17079,1423.25
47093,29660,2471.66666666667
53005,33590,2799.16666666667
53011,36268,3022.33333333333
